{
    "name": "root",
    "gauges": {
        "HorrorAI.Policy.Entropy.mean": {
            "value": 0.04814163222908974,
            "min": 0.047874245792627335,
            "max": 2.0790653228759766,
            "count": 84
        },
        "HorrorAI.Policy.Entropy.sum": {
            "value": 91.37281799316406,
            "min": 91.37281799316406,
            "max": 4551.07421875,
            "count": 84
        },
        "HorrorAI.Environment.EpisodeLength.mean": {
            "value": 110.05555555555556,
            "min": 110.0,
            "max": 110.22222222222223,
            "count": 84
        },
        "HorrorAI.Environment.EpisodeLength.sum": {
            "value": 1981.0,
            "min": 1870.0,
            "max": 2092.0,
            "count": 84
        },
        "HorrorAI.Step.mean": {
            "value": 167890.0,
            "min": 1891.0,
            "max": 167890.0,
            "count": 84
        },
        "HorrorAI.Step.sum": {
            "value": 167890.0,
            "min": 1891.0,
            "max": 167890.0,
            "count": 84
        },
        "HorrorAI.Policy.ExtrinsicValueEstimate.mean": {
            "value": -29.05515480041504,
            "min": -29.05515480041504,
            "max": -0.21033228933811188,
            "count": 84
        },
        "HorrorAI.Policy.ExtrinsicValueEstimate.sum": {
            "value": -522.9927978515625,
            "min": -522.9927978515625,
            "max": -3.7859811782836914,
            "count": 84
        },
        "HorrorAI.Policy.CuriosityValueEstimate.mean": {
            "value": 0.03923460468649864,
            "min": 0.03923460468649864,
            "max": 0.5309069752693176,
            "count": 84
        },
        "HorrorAI.Policy.CuriosityValueEstimate.sum": {
            "value": 0.7062228918075562,
            "min": 0.7062228918075562,
            "max": 9.556325912475586,
            "count": 84
        },
        "HorrorAI.Environment.CumulativeReward.mean": {
            "value": -330.76702880859375,
            "min": -1449.520487467448,
            "max": -328.62505425347223,
            "count": 84
        },
        "HorrorAI.Environment.CumulativeReward.sum": {
            "value": -5953.8065185546875,
            "min": -26091.368774414062,
            "max": -5915.2509765625,
            "count": 84
        },
        "HorrorAI.Policy.ExtrinsicReward.mean": {
            "value": -330.76702880859375,
            "min": -1449.520487467448,
            "max": -328.62505425347223,
            "count": 84
        },
        "HorrorAI.Policy.ExtrinsicReward.sum": {
            "value": -5953.8065185546875,
            "min": -26091.368774414062,
            "max": -5915.2509765625,
            "count": 84
        },
        "HorrorAI.Policy.CuriosityReward.mean": {
            "value": 0.010089460967315568,
            "min": 0.0,
            "max": 0.44501250982284546,
            "count": 84
        },
        "HorrorAI.Policy.CuriosityReward.sum": {
            "value": 0.18161029741168022,
            "min": 0.0,
            "max": 8.010225176811218,
            "count": 84
        },
        "HorrorAI.IsTraining.mean": {
            "value": 1.0,
            "min": 1.0,
            "max": 1.0,
            "count": 84
        },
        "HorrorAI.IsTraining.sum": {
            "value": 1.0,
            "min": 1.0,
            "max": 1.0,
            "count": 84
        },
        "HorrorAI.Losses.PolicyLoss.mean": {
            "value": 0.25485955270317695,
            "min": 0.2383291787467897,
            "max": 0.2950078550726175,
            "count": 36
        },
        "HorrorAI.Losses.PolicyLoss.sum": {
            "value": 0.25485955270317695,
            "min": 0.2383291787467897,
            "max": 0.2950078550726175,
            "count": 36
        },
        "HorrorAI.Losses.ValueLoss.mean": {
            "value": 956.749452718099,
            "min": 953.754833984375,
            "max": 20789.209114583333,
            "count": 36
        },
        "HorrorAI.Losses.ValueLoss.sum": {
            "value": 956.749452718099,
            "min": 953.754833984375,
            "max": 20789.209114583333,
            "count": 36
        },
        "HorrorAI.Policy.LearningRate.mean": {
            "value": 0.00016719941640030007,
            "min": 0.00016719941640030007,
            "max": 0.00019908860045570002,
            "count": 36
        },
        "HorrorAI.Policy.LearningRate.sum": {
            "value": 0.00016719941640030007,
            "min": 0.00016719941640030007,
            "max": 0.00019908860045570002,
            "count": 36
        },
        "HorrorAI.Policy.Epsilon.mean": {
            "value": 0.18359970000000006,
            "min": 0.18359970000000006,
            "max": 0.19954430000000006,
            "count": 36
        },
        "HorrorAI.Policy.Epsilon.sum": {
            "value": 0.18359970000000006,
            "min": 0.18359970000000006,
            "max": 0.19954430000000006,
            "count": 36
        },
        "HorrorAI.Policy.Beta.mean": {
            "value": 0.006689616030000002,
            "min": 0.006689616030000002,
            "max": 0.007963589570000004,
            "count": 36
        },
        "HorrorAI.Policy.Beta.sum": {
            "value": 0.006689616030000002,
            "min": 0.006689616030000002,
            "max": 0.007963589570000004,
            "count": 36
        },
        "HorrorAI.Losses.CuriosityForwardLoss.mean": {
            "value": 0.001870515007370462,
            "min": 0.001870515007370462,
            "max": 0.1386872215817372,
            "count": 36
        },
        "HorrorAI.Losses.CuriosityForwardLoss.sum": {
            "value": 0.001870515007370462,
            "min": 0.001870515007370462,
            "max": 0.1386872215817372,
            "count": 36
        },
        "HorrorAI.Losses.CuriosityInverseLoss.mean": {
            "value": 4.163427414217343e-05,
            "min": 3.466036875276283e-05,
            "max": 1.805598493417104,
            "count": 36
        },
        "HorrorAI.Losses.CuriosityInverseLoss.sum": {
            "value": 4.163427414217343e-05,
            "min": 3.466036875276283e-05,
            "max": 1.805598493417104,
            "count": 36
        }
    },
    "metadata": {
        "timer_format_version": "0.1.0",
        "start_time_seconds": "1777863018",
        "python_version": "3.10.12 | packaged by Anaconda, Inc. | (main, Jul  5 2023, 19:01:18) [MSC v.1916 64 bit (AMD64)]",
        "command_line_arguments": "C:\\Users\\swu\\miniconda3\\envs\\mlagents\\Scripts\\mlagents-learn Assets/ML-Agents/Config/HorrorDirector.yaml --run-id=HorrorTest_v6 --force --env=C:\\Users\\swu\\Documents\\sojin\\Builds\\Friendly-0206 --no-graphics --num-envs=4",
        "mlagents_version": "1.1.0",
        "mlagents_envs_version": "1.1.0",
        "communication_protocol_version": "1.5.0",
        "pytorch_version": "2.6.0+cpu",
        "numpy_version": "1.23.5",
        "end_time_seconds": "1777863521"
    },
    "total": 503.53207290000864,
    "count": 1,
    "self": 4.255946200006292,
    "children": {
        "run_training.setup": {
            "total": 0.4415925000066636,
            "count": 1,
            "self": 0.4415925000066636
        },
        "TrainerController.start_learning": {
            "total": 498.8345341999957,
            "count": 1,
            "self": 1.7495248028135393,
            "children": {
                "TrainerController._reset_env": {
                    "total": 8.701549200006411,
                    "count": 1,
                    "self": 8.701549200006411
                },
                "TrainerController.advance": {
                    "total": 488.0870669971773,
                    "count": 66444,
                    "self": 1.3102723952615634,
                    "children": {
                        "env_step": {
                            "total": 385.5956543002394,