{
    "name": "root",
    "gauges": {
        "HorrorAI.Policy.Entropy.mean": {
            "value": 0.00746251130476594,
            "min": 0.007405313663184643,
            "max": 2.079038143157959,
            "count": 119
        },
        "HorrorAI.Policy.Entropy.sum": {
            "value": 16.04439926147461,
            "min": 14.247823715209961,
            "max": 4509.4228515625,
            "count": 119
        },
        "HorrorAI.Environment.EpisodeLength.mean": {
            "value": 110.05555555555556,
            "min": 110.0,
            "max": 110.22222222222223,
            "count": 119
        },
        "HorrorAI.Environment.EpisodeLength.sum": {
            "value": 1981.0,
            "min": 1870.0,
            "max": 2094.0,
            "count": 119
        },
        "HorrorAI.Step.mean": {
            "value": 237890.0,
            "min": 1891.0,
            "max": 237890.0,
            "count": 119
        },
        "HorrorAI.Step.sum": {
            "value": 237890.0,
            "min": 1891.0,
            "max": 237890.0,
            "count": 119
        },
        "HorrorAI.Policy.ExtrinsicValueEstimate.mean": {
            "value": -29.78793716430664,
            "min": -29.78793716430664,
            "max": 0.09986165165901184,
            "count": 119
        },
        "HorrorAI.Policy.ExtrinsicValueEstimate.sum": {
            "value": -536.182861328125,
            "min": -536.182861328125,
            "max": 1.697648048400879,
            "count": 119
        },
        "HorrorAI.Policy.CuriosityValueEstimate.mean": {
            "value": 0.00598091771826148,
            "min": -0.5485094785690308,
            "max": 0.140870600938797,
            "count": 119
        },
        "HorrorAI.Policy.CuriosityValueEstimate.sum": {
            "value": 0.10765651613473892,
            "min": -9.873170852661133,
            "max": 2.535670757293701,
            "count": 119
        },
        "HorrorAI.Environment.CumulativeReward.mean": {
            "value": -333.123786078559,
            "min": -2756.2532009548613,
            "max": -330.70829603407117,
            "count": 119
        },
        "HorrorAI.Environment.CumulativeReward.sum": {
            "value": -5996.2281494140625,
            "min": -49612.5576171875,
            "max": -5952.749328613281,
            "count": 119
        },
        "HorrorAI.Policy.ExtrinsicReward.mean": {
            "value": -333.123786078559,
            "min": -2756.2532009548613,
            "max": -330.70829603407117,
            "count": 119
        },
        "HorrorAI.Policy.ExtrinsicReward.sum": {
            "value": -5996.2281494140625,
            "min": -49612.5576171875,
            "max": -5952.749328613281,
            "count": 119
        },
        "HorrorAI.Policy.CuriosityReward.mean": {
            "value": 0.001958844627046751,
            "min": 0.0,
            "max": 0.9199980547030767,
            "count": 119
        },
        "HorrorAI.Policy.CuriosityReward.sum": {
            "value": 0.03525920328684151,
            "min": 0.0,
            "max": 16.55996498465538,
            "count": 119
        },
        "HorrorAI.IsTraining.mean": {
            "value": 1.0,
            "min": 1.0,
            "max": 1.0,
            "count": 119
        },
        "HorrorAI.IsTraining.sum": {
            "value": 1.0,
            "min": 1.0,
            "max": 1.0,
            "count": 119
        },
        "HorrorAI.Losses.PolicyLoss.mean": {
            "value": 0.24157867568234603,
            "min": 0.22530242707580328,
            "max": 0.29740711447472373,
            "count": 52
        },
        "HorrorAI.Losses.PolicyLoss.sum": {
            "value": 0.24157867568234603,
            "min": 0.22530242707580328,
            "max": 0.29740711447472373,
            "count": 52
        },
        "HorrorAI.Losses.ValueLoss.mean": {
            "value": 942.0638102213542,
            "min": 940.8923400878906,
            "max": 77200.465625,
            "count": 52
        },
        "HorrorAI.Losses.ValueLoss.sum": {
            "value": 942.0638102213542,
            "min": 940.8923400878906,
            "max": 77200.465625,
            "count": 52
        },
        "HorrorAI.Policy.LearningRate.mean": {
            "value": 0.00015257742371129997,
            "min": 0.00015257742371129997,
            "max": 0.00019908840045579994,
            "count": 52
        },
        "HorrorAI.Policy.LearningRate.sum": {
            "value": 0.00015257742371129997,
            "min": 0.00015257742371129997,
            "max": 0.00019908840045579994,
            "count": 52
        },
        "HorrorAI.Policy.Epsilon.mean": {
            "value": 0.1762887,
            "min": 0.1762887,
            "max": 0.1995442,
            "count": 52
        },
        "HorrorAI.Policy.Epsilon.sum": {
            "value": 0.1762887,
            "min": 0.1762887,
            "max": 0.1995442,
            "count": 52
        },
        "HorrorAI.Policy.Beta.mean": {
            "value": 0.006105467129999998,
            "min": 0.006105467129999998,
            "max": 0.007963581579999999,
            "count": 52
        },
        "HorrorAI.Policy.Beta.sum": {
            "value": 0.006105467129999998,
            "min": 0.006105467129999998,
            "max": 0.007963581579999999,
            "count": 52
        },
        "HorrorAI.Losses.CuriosityForwardLoss.mean": {
            "value": 0.0002637760767053502,
            "min": 0.00020462298368026193,
            "max": 0.14207315916816393,
            "count": 52
        },
        "HorrorAI.Losses.CuriosityForwardLoss.sum": {
            "value": 0.0002637760767053502,
            "min": 0.00020462298368026193,
            "max": 0.14207315916816393,
            "count": 52
        },
        "HorrorAI.Losses.CuriosityInverseLoss.mean": {
            "value": 5.393123115027265e-06,
            "min": 3.2453263808444415e-06,
            "max": 1.8261260549227396,
            "count": 52
        },
        "HorrorAI.Losses.CuriosityInverseLoss.sum": {
            "value": 5.393123115027265e-06,
            "min": 3.2453263808444415e-06,
            "max": 1.8261260549227396,
            "count": 52
        }
    },
    "metadata": {
        "timer_format_version": "0.1.0",
        "start_time_seconds": "1777861788",
        "python_version": "3.10.12 | packaged by Anaconda, Inc. | (main, Jul  5 2023, 19:01:18) [MSC v.1916 64 bit (AMD64)]",
        "command_line_arguments": "C:\\Users\\swu\\miniconda3\\envs\\mlagents\\Scripts\\mlagents-learn Assets/ML-Agents/Config/HorrorDirector.yaml --run-id=HorrorTest_v5 --force --env=C:\\Users\\swu\\Documents\\sojin\\Builds\\Friendly-0206 --no-graphics --num-envs=4",
        "mlagents_version": "1.1.0",
        "mlagents_envs_version": "1.1.0",
        "communication_protocol_version": "1.5.0",
        "pytorch_version": "2.6.0+cpu",
        "numpy_version": "1.23.5",
        "end_time_seconds": "1777862683"
    },
    "total": 895.3702645000012,
    "count": 1,
    "self": 0.7586422000022139,
    "children": {
        "run_training.setup": {
            "total": 0.4448310000007041,
            "count": 1,
            "self": 0.4448310000007041
        },
        "TrainerController.start_learning": {
            "total": 894.1667912999983,
            "count": 1,
            "self": 2.6288340988976415,
            "children": {
                "TrainerController._reset_env": {
                    "total": 19.06244159999187,
                    "count": 1,
                    "self": 19.06244159999187
                },
                "TrainerController.advance": {
                    "total": 872.3374703010923,
                    "count": 92642,
                    "self": 2.1721391032915562,
                    "children": {
                        "env_step": {
                            "total": 623.3722578996822,
                            "count": 92642,