{
    "name": "root",
    "gauges": {
        "HorrorAI.Policy.Entropy.mean": {
            "value": 0.021375324577093124,
            "min": 0.021169237792491913,
            "max": 2.078993797302246,
            "count": 500
        },
        "HorrorAI.Policy.Entropy.sum": {
            "value": 41.938385009765625,
            "min": 40.70381164550781,
            "max": 4569.5869140625,
            "count": 500
        },
        "HorrorAI.Environment.EpisodeLength.mean": {
            "value": 110.11111111111111,
            "min": 110.0,
            "max": 110.22222222222223,
            "count": 500
        },
        "HorrorAI.Environment.EpisodeLength.sum": {
            "value": 1982.0,
            "min": 1871.0,
            "max": 2094.0,
            "count": 500
        },
        "HorrorAI.Step.mean": {
            "value": 999891.0,
            "min": 1891.0,
            "max": 999891.0,
            "count": 500
        },
        "HorrorAI.Step.sum": {
            "value": 999891.0,
            "min": 1891.0,
            "max": 999891.0,
            "count": 500
        },
        "HorrorAI.Policy.ExtrinsicValueEstimate.mean": {
            "value": 58.24585723876953,
            "min": -20.45323371887207,
            "max": 58.24585723876953,
            "count": 500
        },
        "HorrorAI.Policy.ExtrinsicValueEstimate.sum": {
            "value": 1048.4254150390625,
            "min": -368.158203125,
            "max": 1048.4254150390625,
            "count": 500
        },
        "HorrorAI.Policy.CuriosityValueEstimate.mean": {
            "value": 0.0006963019841350615,
            "min": -0.5006333589553833,
            "max": 0.1309782713651657,
            "count": 500
        },
        "HorrorAI.Policy.CuriosityValueEstimate.sum": {
            "value": 0.012533435598015785,
            "min": -9.01140022277832,
            "max": 2.3576087951660156,
            "count": 500
        },
        "HorrorAI.Environment.CumulativeReward.mean": {
            "value": 168.76036665174695,
            "min": -1381.8680080837673,
            "max": 170.76583268907336,
            "count": 500
        },
        "HorrorAI.Environment.CumulativeReward.sum": {
            "value": 3037.6865997314453,
            "min": -24873.624145507812,
            "max": 3073.7849884033203,
            "count": 500
        },
        "HorrorAI.Policy.ExtrinsicReward.mean": {
            "value": 168.76036665174695,
            "min": -1381.8680080837673,
            "max": 170.76583268907336,
            "count": 500
        },
        "HorrorAI.Policy.ExtrinsicReward.sum": {
            "value": 3037.6865997314453,
            "min": -24873.624145507812,
            "max": 3073.7849884033203,
            "count": 500
        },
        "HorrorAI.Policy.CuriosityReward.mean": {
            "value": 0.00038860245048353035,
            "min": 0.0,
            "max": 0.5616606424252192,
            "count": 500
        },
        "HorrorAI.Policy.CuriosityReward.sum": {
            "value": 0.006994844108703546,
            "min": 0.0,
            "max": 10.109891563653946,
            "count": 500
        },
        "HorrorAI.IsTraining.mean": {
            "value": 1.0,
            "min": 1.0,
            "max": 1.0,
            "count": 500
        },
        "HorrorAI.IsTraining.sum": {
            "value": 1.0,
            "min": 1.0,
            "max": 1.0,
            "count": 500
        },
        "HorrorAI.Losses.PolicyLoss.mean": {
            "value": 0.15978616980137303,
            "min": 0.1320420479401946,
            "max": 0.3490960821509361,
            "count": 219
        },
        "HorrorAI.Losses.PolicyLoss.sum": {
            "value": 0.15978616980137303,
            "min": 0.1320420479401946,
            "max": 0.3490960821509361,
            "count": 219
        },
        "HorrorAI.Losses.ValueLoss.mean": {
            "value": 235.02887624104818,
            "min": 89.59093182881674,
            "max": 19398.789225260418,
            "count": 219
        },
        "HorrorAI.Losses.ValueLoss.sum": {
            "value": 235.02887624104818,
            "min": 89.59093182881674,
            "max": 19398.789225260418,
            "count": 219
        },
        "HorrorAI.Policy.LearningRate.mean": {
            "value": 3.99699800200011e-07,
            "min": 3.99699800200011e-07,
            "max": 0.00019908820045590008,
            "count": 219
        },
        "HorrorAI.Policy.LearningRate.sum": {
            "value": 3.99699800200011e-07,
            "min": 3.99699800200011e-07,
            "max": 0.00019908820045590008,
            "count": 219
        },
        "HorrorAI.Policy.Epsilon.mean": {
            "value": 0.10019979999999999,
            "min": 0.10019979999999999,
            "max": 0.19954409999999995,
            "count": 219
        },
        "HorrorAI.Policy.Epsilon.sum": {
            "value": 0.10019979999999999,
            "min": 0.10019979999999999,
            "max": 0.19954409999999995,
            "count": 219
        },
        "HorrorAI.Policy.Beta.mean": {
            "value": 2.596402000000044e-05,
            "min": 2.596402000000044e-05,
            "max": 0.007963573589999998,
            "count": 219
        },
        "HorrorAI.Policy.Beta.sum": {
            "value": 2.596402000000044e-05,
            "min": 2.596402000000044e-05,
            "max": 0.007963573589999998,
            "count": 219
        },
        "HorrorAI.Losses.CuriosityForwardLoss.mean": {
            "value": 0.00016395522479797364,
            "min": 1.3831567018011508e-05,
            "max": 0.1566613624493281,
            "count": 219
        },
        "HorrorAI.Losses.CuriosityForwardLoss.sum": {
            "value": 0.00016395522479797364,
            "min": 1.3831567018011508e-05,
            "max": 0.1566613624493281,
            "count": 219
        },
        "HorrorAI.Losses.CuriosityInverseLoss.mean": {
            "value": 4.41349074738658e-07,
            "min": 3.914096367907405e-07,
            "max": 1.8320682605107625,
            "count": 219
        },
        "HorrorAI.Losses.CuriosityInverseLoss.sum": {
            "value": 4.41349074738658e-07,
            "min": 3.914096367907405e-07,
            "max": 1.8320682605107625,
            "count": 219
        }
    },
    "metadata": {
        "timer_format_version": "0.1.0",
        "start_time_seconds": "1777871433",
        "python_version": "3.10.12 | packaged by Anaconda, Inc. | (main, Jul  5 2023, 19:01:18) [MSC v.1916 64 bit (AMD64)]",
        "command_line_arguments": "C:\\Users\\swu\\miniconda3\\envs\\mlagents\\Scripts\\mlagents-learn Assets/ML-Agents/Config/HorrorDirector.yaml --run-id=HorrorTest_v7 --force --env=C:\\Users\\swu\\Documents\\sojin\\Builds\\Friendly-0206 --no-graphics --num-envs=4",
        "mlagents_version": "1.1.0",
        "mlagents_envs_version": "1.1.0",
        "communication_protocol_version": "1.5.0",
        "pytorch_version": "2.6.0+cpu",
        "numpy_version": "1.23.5",
        "end_time_seconds": "1777873347"
    },
    "total": 1913.8499684999988,
    "count": 1,
    "self": 0.5919980999897234,
    "children": {
        "run_training.setup": {
            "total": 0.34170640000957064,
            "count": 1,
            "self": 0.34170640000957064
        },
        "TrainerController.start_learning": {
            "total": 1912.9162639999995,
            "count": 1,
            "self": 7.7758396964054555,
            "children": {
                "TrainerController._reset_env": {
                    "total": 6.921026500000153,
                    "count": 1,
                    "self": 6.921026500000153
                },
                "TrainerController.advance": {
                    "total": 1898.1335783036047,
                    "count": 407024,
                    "self": 5.694473098876188,