{
    "name": "root",
    "metadata": {
        "timer_format_version": "0.1.0",
        "start_time_seconds": "1777274447",
        "python_version": "3.10.12 | packaged by Anaconda, Inc. | (main, Jul  5 2023, 19:01:18) [MSC v.1916 64 bit (AMD64)]",
        "command_line_arguments": "C:\\Users\\swu\\miniconda3\\envs\\mlagents\\Scripts\\mlagents-learn Assets/ML-Agents/Config/HorrorDirector.yaml --run-id=HorrorTest14 --timeout-wait=300",
        "mlagents_version": "1.2.0.dev0",
        "mlagents_envs_version": "1.2.0.dev0",
        "communication_protocol_version": "1.5.0",
        "pytorch_version": "1.13.1+cpu",
        "numpy_version": "1.23.5",
        "end_time_seconds": "1777274593"
    },
    "total": 146.77863409998827,
    "count": 1,
    "self": 0.005155800026841462,
    "children": {
        "run_training.setup": {
            "total": 0.0877236999804154,
            "count": 1,
            "self": 0.0877236999804154
        },
        "TrainerController.start_learning": {
            "total": 146.685754599981,
            "count": 1,
            "self": 0.0011204000329598784,
            "children": {
                "TrainerController._reset_env": {
                    "total": 28.622716500016395,
                    "count": 1,
                    "self": 28.622716500016395
                },
                "TrainerController.advance": {
                    "total": 117.98090449994197,
                    "count": 27,
                    "self": 0.0005403998075053096,
                    "children": {
                        "env_step": {
                            "total": 117.97967150004115,
                            "count": 27,
                            "self": 117.93252700008452,
                            "children": {
                                "SubprocessEnvManager._take_step": {
                                    "total": 0.04675609990954399,
                                    "count": 27,
                                    "self": 0.0018148001981899142,
                                    "children": {
                                        "TorchPolicy.evaluate": {
                                            "total": 0.04494129971135408,
                                            "count": 27,
                                            "self": 0.04494129971135408
                                        }
                                    }
                                },
                                "workers": {
                                    "total": 0.00038840004708617926,
                                    "count": 26,
                                    "self": 0.0,
                                    "children": {
                                        "worker_root": {
                                            "total": 58.50618240016047,
                                            "count": 26,
                                            "is_parallel": true,
                                            "self": 0.08982220006873831,
                                            "children": {
                                                "steps_from_proto": {
                                                    "total": 0.00032950000604614615,
                                                    "count": 1,
                                                    "is_parallel": true,
                                                    "self": 0.00018370000179857016,
                                                    "children": {
                                                        "_process_rank_one_or_two_observation": {
                                                            "total": 0.000145800004247576,
                                                            "count": 2,
                                                            "is_parallel": true,
                                                            "self": 0.000145800004247576
                                                        }
                                                    }
                                                },
                                                "UnityEnvironment.step": {
                                                    "total": 58.416030700085685,
                                                    "count": 26,
                                                    "is_parallel": true,
                                                    "self": 0.0023993999348022044,
                                                    "children": {
                                                        "UnityEnvironment._generate_step_input": {
                                                            "total": 0.0019479001639410853,
                                                            "count": 26,
                                                            "is_parallel": true,
                                                            "self": 0.0019479001639410853
                                                        },
                                                        "communicator.exchange": {
                                                            "total": 58.40480859996751,
                                                            "count": 26,
                                                            "is_parallel": true,
                                                            "self": 58.40480859996751
                                                        },
                                                        "steps_from_proto": {
                                                            "total": 0.006874800019431859,
                                                            "count": 26,
                                                            "is_parallel": true,
                                                            "self": 0.004012500052340329,
                                                            "children": {
                                                                "_process_rank_one_or_two_observation": {
                                                                    "total": 0.0028622999670915306,
                                                                    "count": 52,
                                                                    "is_parallel": true,
                                                                    "self": 0.0028622999670915306
                                                                }
                                                            }
                                                        }
                                                    }
                                                }
                                            }
                                        }
                                    }
                                }
                            }
                        },
                        "trainer_advance": {
                            "total": 0.0006926000933162868,
                            "count": 26,
                            "self": 0.00047959998482838273,
                            "children": {
                                "process_trajectory": {
                                    "total": 0.00021300010848790407,
                                    "count": 26,
                                    "self": 0.00021300010848790407
                                }
                            }
                        }
                    }
                },
                "trainer_threads": {
                    "total": 1.00000761449337e-06,
                    "count": 1,
                    "self": 1.00000761449337e-06
                },
                "TrainerController._save_models": {
                    "total": 0.08101219998206943,
                    "count": 1,