{
    "name": "root",
    "metadata": {
        "timer_format_version": "0.1.0",
        "start_time_seconds": "1777843217",
        "python_version": "3.10.12 | packaged by Anaconda, Inc. | (main, Jul  5 2023, 19:01:18) [MSC v.1916 64 bit (AMD64)]",
        "command_line_arguments": "C:\\Users\\swu\\miniconda3\\envs\\mlagents\\Scripts\\mlagents-learn Assets/ML-Agents/Config/HorrorDirector.yaml --run-id=HorrorTest_v4 --force",
        "mlagents_version": "1.1.0",
        "mlagents_envs_version": "1.1.0",
        "communication_protocol_version": "1.5.0",
        "pytorch_version": "2.6.0+cpu",
        "numpy_version": "1.23.5",
        "end_time_seconds": "1777843366"
    },
    "total": 149.31665400000202,
    "count": 1,
    "self": 0.005616299997200258,
    "children": {
        "run_training.setup": {
            "total": 0.08882599999924423,
            "count": 1,
            "self": 0.08882599999924423
        },
        "TrainerController.start_learning": {
            "total": 149.22221170000557,
            "count": 1,
            "self": 0.0017420000222045928,
            "children": {
                "TrainerController._reset_env": {
                    "total": 11.21445059999678,
                    "count": 1,
                    "self": 11.21445059999678
                },
                "TrainerController.advance": {
                    "total": 137.8751510999864,
                    "count": 69,
                    "self": 0.0013567000278271735,
                    "children": {
                        "env_step": {
                            "total": 137.79598309995345,
                            "count": 69,
                            "self": 137.64094009997643,
                            "children": {
                                "SubprocessEnvManager._take_step": {
                                    "total": 0.15410479998536175,
                                    "count": 69,
                                    "self": 0.0035451999719953164,
                                    "children": {
                                        "TorchPolicy.evaluate": {
                                            "total": 0.15055960001336643,
                                            "count": 59,
                                            "self": 0.15055960001336643
                                        }
                                    }
                                },
                                "workers": {
                                    "total": 0.000938199991651345,
                                    "count": 68,
                                    "self": 0.0,
                                    "children": {
                                        "worker_root": {
                                            "total": 16.4354383999962,
                                            "count": 68,
                                            "is_parallel": true,
                                            "self": 1.6684273999999277,
                                            "children": {
                                                "steps_from_proto": {
                                                    "total": 0.0002949999980046414,
                                                    "count": 1,
                                                    "is_parallel": true,
                                                    "self": 0.00017759999172994867,
                                                    "children": {
                                                        "_process_rank_one_or_two_observation": {
                                                            "total": 0.00011740000627469271,
                                                            "count": 2,
                                                            "is_parallel": true,
                                                            "self": 0.00011740000627469271
                                                        }
                                                    }
                                                },
                                                "UnityEnvironment.step": {
                                                    "total": 14.766715999998269,
                                                    "count": 68,
                                                    "is_parallel": true,
                                                    "self": 0.006098500016378239,
                                                    "children": {
                                                        "UnityEnvironment._generate_step_input": {
                                                            "total": 0.004508299993176479,
                                                            "count": 68,
                                                            "is_parallel": true,
                                                            "self": 0.004508299993176479
                                                        },
                                                        "communicator.exchange": {
                                                            "total": 14.738897299976088,
                                                            "count": 68,
                                                            "is_parallel": true,
                                                            "self": 14.738897299976088
                                                        },
                                                        "steps_from_proto": {
                                                            "total": 0.017211900012625847,
                                                            "count": 68,
                                                            "is_parallel": true,
                                                            "self": 0.009853599978669081,
                                                            "children": {
                                                                "_process_rank_one_or_two_observation": {
                                                                    "total": 0.007358300033956766,
                                                                    "count": 136,
                                                                    "is_parallel": true,
                                                                    "self": 0.007358300033956766
                                                                }
                                                            }
                                                        }
                                                    }
                                                }
                                            }
                                        }
                                    }
                                }
                            }
                        },
                        "trainer_advance": {
                            "total": 0.07781130000512348,
                            "count": 68,
                            "self": 0.0016991000084090047,
                            "children": {
                                "process_trajectory": {
                                    "total": 0.07611219999671448,
                                    "count": 68,
                                    "self": 0.07611219999671448
                                }
                            }
                        }
                    }
                },
                "TrainerController._save_models": {
                    "total": 0.1308680000001914,
                    "count": 1,
                    "self": 0.016039299996919,
                    "children": {
                        "RLTrainer._checkpoint": {
                            "total": 0.11482870000327239,
                            "count": 1,