{
    "name": "root",
    "metadata": {
        "timer_format_version": "0.1.0",
        "start_time_seconds": "1777837954",
        "python_version": "3.10.12 | packaged by Anaconda, Inc. | (main, Jul  5 2023, 19:01:18) [MSC v.1916 64 bit (AMD64)]",
        "command_line_arguments": "C:\\Users\\swu\\miniconda3\\envs\\mlagents\\Scripts\\mlagents-learn Assets/ML-Agents/Config/HorrorDirector.yaml --run-id=HorrorTest_v2 --force",
        "mlagents_version": "1.2.0.dev0",
        "mlagents_envs_version": "1.2.0.dev0",
        "communication_protocol_version": "1.5.0",
        "pytorch_version": "1.13.1+cpu",
        "numpy_version": "1.23.5",
        "end_time_seconds": "1777838132"
    },
    "total": 177.97636039999634,
    "count": 1,
    "self": 0.010395199991762638,
    "children": {
        "run_training.setup": {
            "total": 0.09605990000272868,
            "count": 1,
            "self": 0.09605990000272868
        },
        "TrainerController.start_learning": {
            "total": 177.86990530000185,
            "count": 1,
            "self": 0.0017035999990184791,
            "children": {
                "TrainerController._reset_env": {
                    "total": 9.878032100001292,
                    "count": 1,
                    "self": 9.878032100001292
                },
                "TrainerController.advance": {
                    "total": 167.81056000000535,
                    "count": 71,
                    "self": 0.0014352999569382519,
                    "children": {
                        "env_step": {
                            "total": 167.74496560003172,
                            "count": 71,
                            "self": 167.6042523001306,
                            "children": {
                                "SubprocessEnvManager._take_step": {
                                    "total": 0.139779799952521,
                                    "count": 71,
                                    "self": 0.0036429999163374305,
                                    "children": {
                                        "TorchPolicy.evaluate": {
                                            "total": 0.13613680003618356,
                                            "count": 61,
                                            "self": 0.13613680003618356
                                        }
                                    }
                                },
                                "workers": {
                                    "total": 0.0009334999485872686,
                                    "count": 70,
                                    "self": 0.0,
                                    "children": {
                                        "worker_root": {
                                            "total": 56.097500299991225,
                                            "count": 70,
                                            "is_parallel": true,
                                            "self": 0.2987604000372812,
                                            "children": {
                                                "steps_from_proto": {
                                                    "total": 0.00028450000536395237,
                                                    "count": 1,
                                                    "is_parallel": true,
                                                    "self": 0.0001734000034048222,
                                                    "children": {
                                                        "_process_rank_one_or_two_observation": {
                                                            "total": 0.00011110000195913017,
                                                            "count": 2,
                                                            "is_parallel": true,
                                                            "self": 0.00011110000195913017
                                                        }
                                                    }
                                                },
                                                "UnityEnvironment.step": {
                                                    "total": 55.79845539994858,
                                                    "count": 70,
                                                    "is_parallel": true,
                                                    "self": 0.006894399935845286,
                                                    "children": {
                                                        "UnityEnvironment._generate_step_input": {
                                                            "total": 0.004480799994780682,
                                                            "count": 70,
                                                            "is_parallel": true,
                                                            "self": 0.004480799994780682
                                                        },
                                                        "communicator.exchange": {
                                                            "total": 55.768688700016355,
                                                            "count": 70,
                                                            "is_parallel": true,
                                                            "self": 55.768688700016355
                                                        },
                                                        "steps_from_proto": {
                                                            "total": 0.018391500001598615,
                                                            "count": 70,
                                                            "is_parallel": true,
                                                            "self": 0.010187499960011337,
                                                            "children": {
                                                                "_process_rank_one_or_two_observation": {
                                                                    "total": 0.008204000041587278,
                                                                    "count": 140,
                                                                    "is_parallel": true,
                                                                    "self": 0.008204000041587278
                                                                }
                                                            }
                                                        }
                                                    }
                                                }
                                            }
                                        }
                                    }
                                }
                            }
                        },
                        "trainer_advance": {
                            "total": 0.06415910001669545,
                            "count": 70,
                            "self": 0.0019094000163022429,
                            "children": {
                                "process_trajectory": {
                                    "total": 0.062249700000393204,
                                    "count": 70,
                                    "self": 0.062249700000393204
                                }
                            }
                        }
                    }
                },
                "TrainerController._save_models": {
                    "total": 0.17960959999618353,
                    "count": 1,
                    "self": 0.03319039999769302,
                    "children": {
                        "RLTrainer._checkpoint": {
                            "total": 0.1464191999984905,
                            "count": 1,