{
    "name": "root",
    "metadata": {
        "timer_format_version": "0.1.0",
        "start_time_seconds": "1775427439",
        "python_version": "3.10.12 | packaged by Anaconda, Inc. | (main, Jul  5 2023, 19:01:18) [MSC v.1916 64 bit (AMD64)]",
        "command_line_arguments": "C:\\Users\\swu\\miniconda3\\envs\\mlagents\\Scripts\\mlagents-learn Assets/ML-Agents/Config/HorrorDirector.yaml --run-id=HorrorTest6 --timeout-wait=120",
        "mlagents_version": "1.2.0.dev0",
        "mlagents_envs_version": "1.2.0.dev0",
        "communication_protocol_version": "1.5.0",
        "pytorch_version": "1.13.1+cpu",
        "numpy_version": "1.23.5",
        "end_time_seconds": "1775427618"
    },
    "total": 179.30870440000217,
    "count": 1,
    "self": 0.007362600001215469,
    "children": {
        "run_training.setup": {
            "total": 0.08580399999846122,
            "count": 1,
            "self": 0.08580399999846122
        },
        "TrainerController.start_learning": {
            "total": 179.2155378000025,
            "count": 1,
            "self": 0.010863199935556622,
            "children": {
                "TrainerController._reset_env": {
                    "total": 33.99115090000123,
                    "count": 1,
                    "self": 33.99115090000123
                },
                "TrainerController.advance": {
                    "total": 145.0576638000639,
                    "count": 490,
                    "self": 0.009877700118522625,
                    "children": {
                        "env_step": {
                            "total": 144.9822391999587,
                            "count": 490,
                            "self": 144.13651649993335,
                            "children": {
                                "SubprocessEnvManager._take_step": {
                                    "total": 0.8388498000131221,
                                    "count": 490,
                                    "self": 0.03230420007093926,
                                    "children": {
                                        "TorchPolicy.evaluate": {
                                            "total": 0.8065455999421829,
                                            "count": 490,
                                            "self": 0.8065455999421829
                                        }
                                    }
                                },
                                "workers": {
                                    "total": 0.0068729000122402795,
                                    "count": 489,
                                    "self": 0.0,
                                    "children": {
                                        "worker_root": {
                                            "total": 23.375071799982834,
                                            "count": 489,
                                            "is_parallel": true,
                                            "self": 1.5392973000343773,
                                            "children": {
                                                "steps_from_proto": {
                                                    "total": 0.002077899996947963,
                                                    "count": 1,
                                                    "is_parallel": true,
                                                    "self": 0.0008354999990842771,
                                                    "children": {
                                                        "_process_rank_one_or_two_observation": {
                                                            "total": 0.0012423999978636857,
                                                            "count": 2,
                                                            "is_parallel": true,
                                                            "self": 0.0012423999978636857
                                                        }
                                                    }
                                                },
                                                "UnityEnvironment.step": {
                                                    "total": 21.83369659995151,
                                                    "count": 489,
                                                    "is_parallel": true,
                                                    "self": 0.045577999986562645,
                                                    "children": {
                                                        "UnityEnvironment._generate_step_input": {
                                                            "total": 0.04321060001893784,
                                                            "count": 489,
                                                            "is_parallel": true,
                                                            "self": 0.04321060001893784
                                                        },
                                                        "communicator.exchange": {
                                                            "total": 21.61506059999374,
                                                            "count": 489,
                                                            "is_parallel": true,
                                                            "self": 21.61506059999374
                                                        },
                                                        "steps_from_proto": {
                                                            "total": 0.12984739995226846,
                                                            "count": 489,
                                                            "is_parallel": true,
                                                            "self": 0.0770150999451289,
                                                            "children": {
                                                                "_process_rank_one_or_two_observation": {
                                                                    "total": 0.052832300007139565,
                                                                    "count": 978,
                                                                    "is_parallel": true,
                                                                    "self": 0.052832300007139565
                                                                }
                                                            }
                                                        }
                                                    }
                                                }
                                            }
                                        }
                                    }
                                }
                            }
                        },
                        "trainer_advance": {
                            "total": 0.06554689998665708,
                            "count": 489,
                            "self": 0.011799699921539286,
                            "children": {
                                "process_trajectory": {
                                    "total": 0.053747200065117795,
                                    "count": 489,
                                    "self": 0.053747200065117795
                                }
                            }
                        }
                    }
                },
                "TrainerController._save_models": {
                    "total": 0.15585990000181482,
                    "count": 1,
                    "self": 0.017978200001380173,
                    "children": {
                        "RLTrainer._checkpoint": {
                            "total": 0.13788170000043465,
                            "count": 1,