{
    "name": "root",
    "gauges": {
        "HorrorAI.Policy.Entropy.mean": {
            "value": 2.067347288131714,
            "min": 2.067347288131714,
            "max": 2.067347288131714,
            "count": 1
        },
        "HorrorAI.Policy.Entropy.sum": {
            "value": 4138.8291015625,
            "min": 4138.8291015625,
            "max": 4138.8291015625,
            "count": 1
        },
        "HorrorAI.Environment.EpisodeLength.mean": {
            "value": 4.561111111111111,
            "min": 4.561111111111111,
            "max": 4.561111111111111,
            "count": 1
        },
        "HorrorAI.Environment.EpisodeLength.sum": {
            "value": 1642.0,
            "min": 1642.0,
            "max": 1642.0,
            "count": 1
        },
        "HorrorAI.Step.mean": {
            "value": 1996.0,
            "min": 1996.0,
            "max": 1996.0,
            "count": 1
        },
        "HorrorAI.Step.sum": {
            "value": 1996.0,
            "min": 1996.0,
            "max": 1996.0,
            "count": 1
        },
        "HorrorAI.Policy.ExtrinsicValueEstimate.mean": {
            "value": -3.145768880844116,
            "min": -3.145768880844116,
            "max": -3.145768880844116,
            "count": 1
        },
        "HorrorAI.Policy.ExtrinsicValueEstimate.sum": {
            "value": -1129.3310546875,
            "min": -1129.3310546875,
            "max": -1129.3310546875,
            "count": 1
        },
        "HorrorAI.Policy.CuriosityValueEstimate.mean": {
            "value": 0.16981400549411774,
            "min": 0.16981400549411774,
            "max": 0.16981400549411774,
            "count": 1
        },
        "HorrorAI.Policy.CuriosityValueEstimate.sum": {
            "value": 60.96323013305664,
            "min": 60.96323013305664,
            "max": 60.96323013305664,
            "count": 1
        },
        "HorrorAI.Environment.CumulativeReward.mean": {
            "value": -122.66669675566692,
            "min": -122.66669675566692,
            "max": -122.66669675566692,
            "count": 1
        },
        "HorrorAI.Environment.CumulativeReward.sum": {
            "value": -44037.344135284424,
            "min": -44037.344135284424,
            "max": -44037.344135284424,
            "count": 1
        },
        "HorrorAI.Policy.ExtrinsicReward.mean": {
            "value": -122.66669675566692,
            "min": -122.66669675566692,
            "max": -122.66669675566692,
            "count": 1
        },
        "HorrorAI.Policy.ExtrinsicReward.sum": {
            "value": -44037.344135284424,
            "min": -44037.344135284424,
            "max": -44037.344135284424,
            "count": 1
        },
        "HorrorAI.Policy.CuriosityReward.mean": {
            "value": 0.02291952975841452,
            "min": 0.02291952975841452,
            "max": 0.02291952975841452,
            "count": 1
        },
        "HorrorAI.Policy.CuriosityReward.sum": {
            "value": 8.228111183270812,
            "min": 8.228111183270812,
            "max": 8.228111183270812,
            "count": 1
        },
        "HorrorAI.Losses.PolicyLoss.mean": {
            "value": 1.7780658642450968,
            "min": 1.7780658642450968,
            "max": 1.7780658642450968,
            "count": 1
        },
        "HorrorAI.Losses.PolicyLoss.sum": {
            "value": 3.5561317284901937,
            "min": 3.5561317284901937,
            "max": 3.5561317284901937,
            "count": 1
        },
        "HorrorAI.Losses.ValueLoss.mean": {
            "value": 2519.197975667318,
            "min": 2519.197975667318,
            "max": 2519.197975667318,
            "count": 1
        },
        "HorrorAI.Losses.ValueLoss.sum": {
            "value": 5038.395951334636,
            "min": 5038.395951334636,
            "max": 5038.395951334636,
            "count": 1
        },
        "HorrorAI.Policy.LearningRate.mean": {
            "value": 0.00019973140013430002,
            "min": 0.00019973140013430002,
            "max": 0.00019973140013430002,
            "count": 1
        },
        "HorrorAI.Policy.LearningRate.sum": {
            "value": 0.00039946280026860004,
            "min": 0.00039946280026860004,
            "max": 0.00039946280026860004,
            "count": 1
        },
        "HorrorAI.Policy.Epsilon.mean": {
            "value": 0.19986570000000003,
            "min": 0.19986570000000003,
            "max": 0.19986570000000003,
            "count": 1
        },
        "HorrorAI.Policy.Epsilon.sum": {
            "value": 0.39973140000000007,
            "min": 0.39973140000000007,
            "max": 0.39973140000000007,
            "count": 1
        },
        "HorrorAI.Policy.Beta.mean": {
            "value": 0.007989269430000001,
            "min": 0.007989269430000001,
            "max": 0.007989269430000001,
            "count": 1
        },
        "HorrorAI.Policy.Beta.sum": {
            "value": 0.015978538860000002,
            "min": 0.015978538860000002,
            "max": 0.015978538860000002,
            "count": 1
        },
        "HorrorAI.Losses.CuriosityForwardLoss.mean": {
            "value": 0.21168186279634635,
            "min": 0.21168186279634635,
            "max": 0.21168186279634635,
            "count": 1
        },
        "HorrorAI.Losses.CuriosityForwardLoss.sum": {
            "value": 0.4233637255926927,
            "min": 0.4233637255926927,
            "max": 0.4233637255926927,
            "count": 1
        },
        "HorrorAI.Losses.CuriosityInverseLoss.mean": {
            "value": 1.2698741737753152,
            "min": 1.2698741737753152,
            "max": 1.2698741737753152,
            "count": 1
        },
        "HorrorAI.Losses.CuriosityInverseLoss.sum": {
            "value": 2.5397483475506304,
            "min": 2.5397483475506304,
            "max": 2.5397483475506304,
            "count": 1
        },
        "HorrorAI.IsTraining.mean": {
            "value": 1.0,
            "min": 1.0,
            "max": 1.0,
            "count": 1
        },
        "HorrorAI.IsTraining.sum": {
            "value": 1.0,
            "min": 1.0,
            "max": 1.0,
            "count": 1
        }
    },
    "metadata": {
        "timer_format_version": "0.1.0",
        "start_time_seconds": "1777842331",
        "python_version": "3.10.12 | packaged by Anaconda, Inc. | (main, Jul  5 2023, 19:01:18) [MSC v.1916 64 bit (AMD64)]",
        "command_line_arguments": "C:\\Users\\swu\\miniconda3\\envs\\mlagents\\Scripts\\mlagents-learn Assets/ML-Agents/Config/HorrorDirector.yaml --run-id=HorrorTest_v3 --force",
        "mlagents_version": "1.1.0",
        "mlagents_envs_version": "1.1.0",
        "communication_protocol_version": "1.5.0",
        "pytorch_version": "2.6.0+cpu",
        "numpy_version": "1.23.5",
        "end_time_seconds": "1777843008"
    },
    "total": 676.4892459999974,
    "count": 1,
    "self": 0.004977199998393189,
    "children": {
        "run_training.setup": {
            "total": 0.08779830000275979,
            "count": 1,
            "self": 0.08779830000275979
        },
        "TrainerController.start_learning": {
            "total": 676.3964704999962,
            "count": 1,
            "self": 0.07663060008781031,
            "children": {
                "TrainerController._reset_env": {
                    "total": 20.784850600000937,
                    "count": 1,
                    "self": 20.784850600000937
                },
                "TrainerController.advance": {
                    "total": 655.3464285999071,
                    "count": 3898,
                    "self": 0.065847600257257,
                    "children": {
                        "env_step": {
                            "total": 648.7448253999755,
                            "count": 3898,
                            "self": 642.2041498996259,